{"stat.pickup.gregtech.frame_pikyonium99ab":111,"stat.useItem.minecraft.air":181,"stat.walkOneCm":55855,"stat.pickup.gregtech.frame_red_steel":2,"stat.useItem.extendedcrafting.recipe_maker":4,"stat.leaveGame":29,"stat.useItem.gregtech.frame_pikyonium99ab":15,"stat.drop.nuclearcraft.alloy":1,"stat.drop.forge.bucketfilled":49,"stat.jump":40,"stat.drop.reactor_stuff.beryllium":1,"stat.crouchOneCm":1570,"stat.pickup.extrautils2.spike_wood":1,"stat.useItem.minecraft.dirt":4,"stat.drop.extrautils2.resonator":1,"stat.sprintOneCm":11626,"stat.useItem.betterbuilderswands.wandunbreakable":18,"stat.useItem.gtadditions.ga_meta_item":79,"stat.pickup.reactor_stuff.beryllium":1,"stat.pickup.gregtech.meta_item_1":7,"stat.pickup.extrautils2.spike_stone":1,"stat.drop.nuclearcraft.ingot_block":1,"stat.pickup.extrautils2.resonator":1,"stat.pickup.extrautils2.filter":1,"stat.drop.nuclearcraft.dust":1,"stat.flyOneCm":106228,"stat.drop":66,"stat.playOneMinute":1697858,"stat.drop.nuclearcraft.ingot":11,"stat.sneakTime":1498,"stat.pickup.extrautils2.filterfluids":1,"stat.pickup.nuclearcraft.dust":1,"stat.useItem.gregtech.machine":2,"stat.drop.nuclearcraft.turbine_dynamo_coil":1,"stat.timeSinceDeath":1697858,"stat.pickup.nuclearcraft.turbine_dynamo_coil":1,"stat.useItem.contenttweaker.advancedassemblylinecasing":9,"stat.pickup.extrautils2.pipe":1,"stat.pickup.nuclearcraft.ingot":1,"stat.pickup.nuclearcraft.ingot_block":1}