{"stat.useItem.minecraft.air":3,"stat.walkOneCm":4648,"stat.pickup.gregtech.frame_red_steel":2,"stat.useItem.extendedcrafting.recipe_maker":4,"stat.leaveGame":6,"stat.drop.forge.bucketfilled":49,"stat.jump":4,"stat.drop.reactor_stuff.beryllium":1,"stat.crouchOneCm":37,"stat.sprintOneCm":418,"stat.useItem.gtadditions.ga_meta_item":19,"stat.pickup.reactor_stuff.beryllium":1,"stat.pickup.gregtech.meta_item_1":7,"stat.drop.nuclearcraft.ingot_block":1,"stat.drop.nuclearcraft.dust":1,"stat.flyOneCm":9090,"stat.drop":54,"stat.playOneMinute":1032640,"stat.drop.nuclearcraft.ingot":1,"stat.sneakTime":260,"stat.pickup.nuclearcraft.dust":1,"stat.drop.nuclearcraft.turbine_dynamo_coil":1,"stat.timeSinceDeath":1032640,"stat.pickup.nuclearcraft.turbine_dynamo_coil":1,"stat.pickup.nuclearcraft.ingot":1,"stat.pickup.nuclearcraft.ingot_block":1}