{"stat.pickup.gregtech.frame_pikyonium99ab":111,"stat.useItem.minecraft.air":181,"stat.walkOneCm":56554,"stat.pickup.gregtech.frame_red_steel":2,"stat.useItem.extendedcrafting.recipe_maker":5,"stat.leaveGame":30,"stat.useItem.gregtech.frame_pikyonium99ab":15,"stat.pickup.extrautils2.unstableingots":1,"stat.drop.nuclearcraft.alloy":1,"stat.drop.forge.bucketfilled":49,"stat.jump":41,"stat.drop.reactor_stuff.beryllium":1,"stat.crouchOneCm":1585,"stat.pickup.extrautils2.spike_wood":1,"stat.useItem.minecraft.dirt":4,"stat.drop.extrautils2.resonator":2,"stat.sprintOneCm":11626,"stat.useItem.betterbuilderswands.wandunbreakable":18,"stat.useItem.gtadditions.ga_meta_item":79,"stat.pickup.reactor_stuff.beryllium":1,"stat.pickup.gregtech.meta_item_1":7,"stat.pickup.extrautils2.spike_stone":1,"stat.pickup.extrautils2.decorativesolid":1,"stat.drop.nuclearcraft.ingot_block":1,"stat.pickup.extrautils2.resonator":1,"stat.pickup.extrautils2.filter":1,"stat.drop.nuclearcraft.dust":1,"stat.flyOneCm":111602,"stat.drop":67,"stat.playOneMinute":1793189,"stat.drop.nuclearcraft.ingot":11,"stat.sneakTime":1579,"stat.pickup.extrautils2.filterfluids":1,"stat.pickup.nuclearcraft.dust":1,"stat.useItem.gregtech.machine":2,"stat.drop.nuclearcraft.turbine_dynamo_coil":1,"stat.timeSinceDeath":1793189,"stat.pickup.nuclearcraft.turbine_dynamo_coil":1,"stat.useItem.contenttweaker.advancedassemblylinecasing":9,"stat.pickup.extrautils2.pipe":1,"stat.pickup.nuclearcraft.ingot":1,"stat.pickup.nuclearcraft.ingot_block":1}