{"stat.pickup.gregtech.frame_pikyonium99ab":111,"stat.pickup.gregtech.frame_red_steel":2,"stat.useItem.extendedcrafting.recipe_maker":5,"stat.drop.gtadditions.ga_meta_item":1,"stat.leaveGame":32,"stat.useItem.gregtech.frame_pikyonium99ab":15,"stat.drop.forge.bucketfilled":49,"stat.jump":44,"stat.drop.reactor_stuff.beryllium":1,"stat.crouchOneCm":1692,"stat.pickup.contenttweaker.opticalcircuitboard":3,"stat.useItem.minecraft.dirt":4,"stat.drop.extrautils2.resonator":2,"stat.useItem.betterbuilderswands.wandunbreakable":18,"stat.useItem.gtadditions.ga_meta_item":79,"stat.drop.contenttweaker.opticallyenhancedcircuitboard":1,"stat.pickup.extrautils2.spike_stone":1,"stat.drop.nuclearcraft.ingot_block":1,"stat.drop.contenttweaker.opticalcircuitboard":2,"stat.drop.nuclearcraft.dust":1,"stat.flyOneCm":111911,"stat.pickup.extrautils2.filterfluids":1,"stat.timeSinceDeath":1836780,"stat.useItem.contenttweaker.advancedassemblylinecasing":9,"stat.useItem.minecraft.air":213,"stat.walkOneCm":63769,"stat.drop.minecraft.item_frame":1,"stat.pickup.extrautils2.unstableingots":1,"stat.drop.nuclearcraft.alloy":1,"stat.useItem.minecraft.item_frame":2,"stat.pickup.extrautils2.spike_wood":1,"stat.sprintOneCm":11814,"stat.pickup.reactor_stuff.beryllium":1,"stat.pickup.gregtech.meta_item_1":7,"stat.pickup.gtadditions.ga_meta_item":1,"stat.pickup.extrautils2.decorativesolid":1,"stat.pickup.extrautils2.resonator":1,"stat.pickup.extrautils2.filter":1,"stat.drop":72,"stat.pickup.contenttweaker.opticallyenhancedcircuitboard":1,"stat.playOneMinute":1836780,"stat.drop.nuclearcraft.ingot":11,"stat.sneakTime":1619,"stat.pickup.nuclearcraft.dust":1,"stat.useItem.gregtech.machine":2,"stat.drop.nuclearcraft.turbine_dynamo_coil":1,"stat.pickup.minecraft.item_frame":2,"stat.pickup.nuclearcraft.turbine_dynamo_coil":1,"stat.pickup.extrautils2.pipe":1,"stat.pickup.nuclearcraft.ingot":1,"stat.pickup.nuclearcraft.ingot_block":1}