{
  "minecraft:recipes/building_blocks/pink_concrete_powder": {
    "criteria": {
      "has_gravel": "2023-04-21 15:48:59 +0200"
    },
    "done": true
  },
  "minecraft:recipes/building_blocks/red_concrete_powder": {
    "criteria": {
      "has_gravel": "2023-04-21 15:48:59 +0200"
    },
    "done": true
  },
  "minecraft:recipes/building_blocks/white_concrete_powder": {
    "criteria": {
      "has_gravel": "2023-04-21 15:48:59 +0200"
    },
    "done": true
  },
  "minecraft:recipes/building_blocks/blue_concrete_powder": {
    "criteria": {
      "has_gravel": "2023-04-21 15:48:59 +0200"
    },
    "done": true
  },
  "tombstone:tutorial/root": {
    "criteria": {
      "auto": "2023-04-21 14:54:52 +0200"
    },
    "done": true
  },
  "minecraft:recipes/building_blocks/gray_concrete_powder": {
    "criteria": {
      "has_gravel": "2023-04-21 15:48:59 +0200"
    },
    "done": true
  },
  "minecraft:recipes/building_blocks/purple_concrete_powder": {
    "criteria": {
      "has_gravel": "2023-04-21 15:48:59 +0200"
    },
    "done": true
  },
  "minecraft:recipes/building_blocks/magenta_concrete_powder": {
    "criteria": {
      "has_gravel": "2023-04-21 15:48:59 +0200"
    },
    "done": true
  },
  "nuclearcraft:processors/separator": {
    "criteria": {
      "has_item": "2023-04-24 19:05:45 +0200"
    },
    "done": true
  },
  "nuclearcraft:fission/rtg_californium": {
    "criteria": {
      "has_item": "2023-04-23 15:15:07 +0200"
    },
    "done": true
  },
  "nuclearcraft:processors/rock_crusher": {
    "criteria": {
      "has_item": "2023-04-22 03:10:48 +0200"
    },
    "done": true
  },
  "nuclearcraft:fission/rtg_uranium": {
    "criteria": {
      "has_item": "2023-04-23 15:15:06 +0200"
    },
    "done": true
  },
  "nuclearcraft:fission/rtg_plutonium": {
    "criteria": {
      "has_item": "2023-04-23 15:15:07 +0200"
    },
    "done": true
  },
  "minecraft:recipes/building_blocks/lime_concrete_powder": {
    "criteria": {
      "has_gravel": "2023-04-21 15:48:59 +0200"
    },
    "done": true
  },
  "enderio:root": {
    "criteria": {
      "location": "2023-04-21 14:54:52 +0200"
    },
    "done": true
  },
  "minecraft:recipes/building_blocks/yellow_concrete_powder": {
    "criteria": {
      "has_gravel": "2023-04-21 15:48:59 +0200"
    },
    "done": true
  },
  "minecraft:recipes/brewing/cauldron": {
    "criteria": {
      "has_water_bucket": "2023-04-21 15:08:25 +0200"
    },
    "done": true
  },
  "minecraft:adventure/adventuring_time": {
    "criteria": {
      "plains": "2023-04-21 14:54:52 +0200"
    },
    "done": false
  },
  "trashcans:recipes/item_trash_can": {
    "criteria": {
      "recipe_condition": "2023-04-24 22:29:24 +0200"
    },
    "done": true
  },
  "minecraft:recipes/building_blocks/black_concrete_powder": {
    "criteria": {
      "has_gravel": "2023-04-21 15:48:59 +0200"
    },
    "done": true
  },
  "nuclearcraft:fission/rtg_americium": {
    "criteria": {
      "has_item": "2023-04-23 15:15:07 +0200"
    },
    "done": true
  },
  "minecraft:recipes/building_blocks/coarse_dirt": {
    "criteria": {
      "has_gravel": "2023-04-21 15:48:59 +0200"
    },
    "done": true
  },
  "minecraft:recipes/building_blocks/brown_concrete_powder": {
    "criteria": {
      "has_gravel": "2023-04-21 15:48:59 +0200"
    },
    "done": true
  },
  "minecraft:recipes/building_blocks/green_concrete_powder": {
    "criteria": {
      "has_gravel": "2023-04-21 15:48:59 +0200"
    },
    "done": true
  },
  "nuclearcraft:processors/manufactory": {
    "criteria": {
      "has_item": "2023-04-24 19:05:45 +0200"
    },
    "done": true
  },
  "nuclearcraft:root": {
    "criteria": {
      "location": "2023-04-21 14:54:52 +0200"
    },
    "done": true
  },
  "minecraft:recipes/building_blocks/light_gray_concrete_powder": {
    "criteria": {
      "has_gravel": "2023-04-21 15:48:59 +0200"
    },
    "done": true
  },
  "minecraft:recipes/building_blocks/light_blue_concrete_powder": {
    "criteria": {
      "has_gravel": "2023-04-21 15:48:59 +0200"
    },
    "done": true
  },
  "galacticraftcore:galacticraft/root": {
    "criteria": {
      "tick": "2023-04-21 14:54:52 +0200"
    },
    "done": true
  },
  "trashcans:recipes/energy_trash_can": {
    "criteria": {
      "recipe_condition": "2023-04-24 22:29:24 +0200"
    },
    "done": true
  },
  "minecraft:recipes/building_blocks/orange_concrete_powder": {
    "criteria": {
      "has_gravel": "2023-04-21 15:48:59 +0200"
    },
    "done": true
  },
  "pneumaticcraft:lubricant_bucket": {
    "criteria": {
      "lpg_bucket": "2023-04-22 03:46:50 +0200"
    },
    "done": true
  },
  "minecraft:recipes/building_blocks/cyan_concrete_powder": {
    "criteria": {
      "has_gravel": "2023-04-21 15:48:59 +0200"
    },
    "done": true
  },
  "nuclearcraft:processors/nuclear_furnace": {
    "criteria": {
      "has_item": "2023-04-24 19:05:45 +0200"
    },
    "done": true
  }
}